title,date_text,mode_clean,price_clean,content,url
18TH ENGIEXPO INDUSTRIAL EXHIBITION VADODARA 2026,Feb 7 at 9:30am to Feb 9 at 6:30pm GMT+5:30,online,free,18TH ENGIEXPO INDUSTRIAL EXHIBITION VADODARA 2026 price free mode online,https://www.eventbrite.com/e/18th-engiexpo-industrial-exhibition-vadodara-2026-tickets-1244535000689?aff=ebdssbdestsearch
ANVAYA – The Innovation Summit 2026,unknown,online,free,ANVAYA – The Innovation Summit 2026 price free mode online,https://www.eventbrite.com/e/anvaya-the-innovation-summit-2026-tickets-1979286461086?aff=ebdssbdestsearch
Software training institute,Sep 22 from 10am to 12pm GMT+5:30,online,free,Software training institute price free mode online,https://www.eventbrite.com/e/software-training-institute-tickets-1585480878989?aff=ebdssbdestsearch
Global Art & Design Education Expo 2026 - Hyderabad,Mar 12 from 2:45pm to 7pm GMT+5:30,online,free,Global Art & Design Education Expo 2026 - Hyderabad price free mode online,https://www.eventbrite.com/e/global-art-design-education-expo-2026-hyderabad-tickets-1980443688384?aff=ebdssbdestsearch
"IC4Es-2026: Two Days International Conference On E-commerce, E-management,",Feb 13 at 10am to Feb 14 at 4pm GMT+5:30,online,paid,"IC4Es-2026: Two Days International Conference On E-commerce, E-management, price paid mode online",https://www.eventbrite.com/e/ic4es-2026-two-days-international-conference-on-e-commerce-e-management-tickets-1904922437289?aff=ebdssbdestsearch
HEAL Uttarakhand Research Center Launch Event,unknown,online,free,HEAL Uttarakhand Research Center Launch Event price free mode online,https://www.eventbrite.co.uk/e/heal-uttarakhand-research-center-launch-event-tickets-1752014184589?aff=ebdssbdestsearch
"Electric Exhibition 2026 – India’s Biggest Electrical, Electronics, Solar",unknown,online,free,"Electric Exhibition 2026 – India’s Biggest Electrical, Electronics, Solar price free mode online",https://www.eventbrite.com.au/e/electric-exhibition-2026-indias-biggest-electrical-electronics-solar-tickets-1976322596086?aff=ebdssbdestsearch
"Adhesives, Sealants & Bonding Expo 2026",unknown,online,free,"Adhesives, Sealants & Bonding Expo 2026 price free mode online",https://www.eventbrite.com/e/adhesives-sealants-bonding-expo-2026-tickets-1969101149545?aff=ebdssbdestsearch
FutureScope'26: From Ideas to Intelligent Outcomes,Mar 14 from 9am to 4:30pm GMT+5:30,online,free,FutureScope'26: From Ideas to Intelligent Outcomes price free mode online,https://www.eventbrite.com/e/futurescope26-from-ideas-to-intelligent-outcomes-tickets-1980168033894?aff=ebdssbdestsearch
Renewable & Hydro Energy Expo Uttarakhand,May 14 at 10am to May 16 at 6pm GMT+5:30,online,free,Renewable & Hydro Energy Expo Uttarakhand price free mode online,https://www.eventbrite.com/e/renewable-hydro-energy-expo-uttarakhand-tickets-1976431077557?aff=ebdssbdestsearch
Recurring Event,unknown,online,paid,Recurring Event price paid mode online,https://www.eventbrite.com/e/recurring-event-tickets-1490360330869?aff=ebdssbdestsearch
Leveraging Robotics for Success | Bangaluru,unknown,online,paid,Leveraging Robotics for Success | Bangaluru price paid mode online,https://www.eventbrite.com.au/e/leveraging-robotics-for-success-bangaluru-tickets-1052207951307?aff=ebdssbdestsearch
Hyderabad's Biggest Business & Tech Professional Networking Soiree,Mar 18 from 6pm to 9pm GMT+5:30,online,free,Hyderabad's Biggest Business & Tech Professional Networking Soiree price free mode online,https://www.eventbrite.com/e/hyderabads-biggest-business-tech-professional-networking-soiree-tickets-1263665059209?aff=ebdssbdestsearch
"GCP, AWS, AZURE Data Engineering 13 DEC , 2025",unknown,online,free,"GCP, AWS, AZURE Data Engineering 13 DEC , 2025 price free mode online",https://www.eventbrite.com/e/gcp-aws-azure-data-engineering-13-dec-2025-tickets-1977613821175?aff=ebdssbdestsearch
IPCA Electronics Expo India 2026,unknown,online,free,IPCA Electronics Expo India 2026 price free mode online,https://www.eventbrite.com/e/ipca-electronics-expo-india-2026-tickets-1969108043164?aff=ebdssbdestsearch
Generative AI for Society and Workplace | Delhi,unknown,online,free,Generative AI for Society and Workplace | Delhi price free mode online,https://www.eventbrite.com.au/e/generative-ai-for-society-and-workplace-delhi-tickets-1147816924319?aff=ebdssbdestsearch
Cyber Security Course,Feb 6 from 10am to 12pm GMT+5:30,online,free,Cyber Security Course price free mode online,https://www.eventbrite.com/e/cyber-security-course-tickets-1979154810315?aff=ebdssbdestsearch
SFE India Event: what Curtain Wall System to use and where to use them,unknown,online,free,SFE India Event: what Curtain Wall System to use and where to use them price free mode online,https://www.eventbrite.co.uk/e/sfe-india-event-what-curtain-wall-system-to-use-and-where-to-use-them-tickets-1980071710789?aff=ebdssbdestsearch
Everythingaboutwater International Conclave 2026 - Chennai,Jan 22 from 10am to 2pm GMT+5:30,online,paid,Everythingaboutwater International Conclave 2026 - Chennai price paid mode online,https://www.eventbrite.com/e/everythingaboutwater-international-conclave-2026-chennai-tickets-1975093938137?aff=ebdssbdestsearch
Algorythm+/How to Leverage AI (for Absolute Beginners),Jan 29 from 7pm to 9pm GMT+5:30,online,paid,Algorythm+/How to Leverage AI (for Absolute Beginners) price paid mode online,https://www.eventbrite.com/e/algorythmhow-to-leverage-ai-for-absolute-beginners-tickets-1977174641577?aff=ebdssbdestsearch
Bharat Print Expo 2026,Apr 27 at 10am to Apr 29 at 6pm GMT+5:30,online,free,Bharat Print Expo 2026 price free mode online,https://www.eventbrite.com/e/bharat-print-expo-2026-tickets-1362558411889?aff=ebdssbdestsearch
Why Devs Should Care About Cloud Cost | Hands-On Workshop in Delhi NCR,unknown,online,free,Why Devs Should Care About Cloud Cost | Hands-On Workshop in Delhi NCR price free mode online,https://www.eventbrite.com/e/why-devs-should-care-about-cloud-cost-hands-on-workshop-in-delhi-ncr-tickets-1980391473207?aff=ebdssbdestsearch
Harnessing AI for Marketing Innovation | Bangalore,unknown,online,free,Harnessing AI for Marketing Innovation | Bangalore price free mode online,https://www.eventbrite.com.au/e/harnessing-ai-for-marketing-innovation-bangalore-tickets-1052207810887?aff=ebdssbdestsearch
Cyber Security Training In Hyderabad | Version IT,Jan 29 from 10am to 12pm GMT+5:30,online,free,Cyber Security Training In Hyderabad | Version IT price free mode online,https://www.eventbrite.com/e/cyber-security-training-in-hyderabad-version-it-tickets-1978712049004?aff=ebdssbdestsearch
Eduverse Summit India 2026,Feb 4 from 9am to 9pm GMT+5:30,online,paid,Eduverse Summit India 2026 price paid mode online,https://www.eventbrite.com/e/eduverse-summit-india-2026-tickets-1736618716329?aff=ebdssbdestsearch
IFEX 2026,unknown,online,free,IFEX 2026 price free mode online,https://www.eventbrite.co.uk/e/ifex-2026-tickets-1979106181866?aff=ebdssbdestsearch
India Tech Summit,unknown,online,paid,India Tech Summit price paid mode online,https://www.eventbrite.com/e/india-tech-summit-tickets-97765875365?aff=ebdssbdestsearch
India Energy Week 2026,Jan 27 from 1am to 1:30am GMT+5:30,online,free,India Energy Week 2026 price free mode online,https://www.eventbrite.com/e/india-energy-week-2026-tickets-1970285854028?aff=ebdssbdestsearch
Vaccines World Summit 2026 (Solution Provider),unknown,online,paid,Vaccines World Summit 2026 (Solution Provider) price paid mode online,https://www.eventbrite.sg/e/vaccines-world-summit-2026-solution-provider-tickets-1569269981759?aff=ebdssbdestsearch
International Net Zero Summit 2026 Awards,unknown,online,paid,International Net Zero Summit 2026 Awards price paid mode online,https://www.eventbrite.com/e/international-net-zero-summit-2026-awards-tickets-1978384430087?aff=ebdssbdestsearch
Smart Irrigation Market Estimated to Experience a Hike in Growth by 2035,Feb 13 from 10am to 12pm GMT+5:30,online,free,Smart Irrigation Market Estimated to Experience a Hike in Growth by 2035 price free mode online,https://www.eventbrite.com/e/smart-irrigation-market-estimated-to-experience-a-hike-in-growth-by-2035-tickets-1397890099919?aff=ebdssbdestsearch
Fintech Talks Vol 1 Presented by Tolken,Jan 23 from 6pm to 9pm GMT+5:30,online,free,Fintech Talks Vol 1 Presented by Tolken price free mode online,https://www.eventbrite.com/e/fintech-talks-vol-1-presented-by-tolken-tickets-1980403616528?aff=ebdssbdestsearch
Virtual Career Fair | Job Fair 2026 | Land Remote AI & Tech Jobs,unknown,online,free,Virtual Career Fair | Job Fair 2026 | Land Remote AI & Tech Jobs price free mode online,https://www.eventbrite.co.uk/e/virtual-career-fair-job-fair-2026-land-remote-ai-tech-jobs-tickets-1980323223069?aff=ebdssbdestsearch
Virtual Career Fair | Job Fair 2026 | Startup Matchmaking,unknown,online,free,Virtual Career Fair | Job Fair 2026 | Startup Matchmaking price free mode online,https://www.eventbrite.co.uk/e/virtual-career-fair-job-fair-2026-startup-matchmaking-tickets-1980322068616?aff=ebdssbdestsearch
19th edition - India Drilling & Exploration Conference (IDEC) 2026,unknown,online,free,19th edition - India Drilling & Exploration Conference (IDEC) 2026 price free mode online,https://www.eventbrite.com/e/19th-edition-india-drilling-exploration-conference-idec-2026-tickets-1978823627739?aff=ebdssbdestsearch
Test Automation Summit | Bangalore| 2026,Feb 19 from 9am to 5pm CST,online,free,Test Automation Summit | Bangalore| 2026 price free mode online,https://www.eventbrite.com/e/test-automation-summit-bangalore-2026-tickets-1963091760300?aff=ebdssbdestsearch
Pamex 2026,Jan 27 at 10am to Jan 30 at 6pm GMT+5:30,online,free,Pamex 2026 price free mode online,https://www.eventbrite.com/e/pamex-2026-tickets-850680015827?aff=ebdssbdestsearch
D-arc BUILD Mumbai 2026,Apr 17 at 10am to Apr 19 at 6pm GMT+5:30,online,free,D-arc BUILD Mumbai 2026 price free mode online,https://www.eventbrite.com/e/d-arc-build-mumbai-2026-tickets-1354797508819?aff=ebdssbdestsearch
Women in Tech Pune - OutGeekWomen,May 14 from 6pm to 8:30pm GMT+5:30,online,free,Women in Tech Pune - OutGeekWomen price free mode online,https://www.eventbrite.com/e/women-in-tech-pune-outgeekwomen-tickets-1330285362329?aff=ebdssbdestsearch
Empowering Modern HR Teams with AI | Delhi,unknown,online,free,Empowering Modern HR Teams with AI | Delhi price free mode online,https://www.eventbrite.com.au/e/empowering-modern-hr-teams-with-ai-delhi-tickets-1980357565789?aff=ebdssbdestsearch
STRT UP CONNECTOR,Mar 24 from 10am to 5pm GMT+5:30,online,paid,STRT UP CONNECTOR price paid mode online,https://www.eventbrite.com/e/strt-up-connector-tickets-1317678073589?aff=ebdssbdestsearch
VanGuard- Elevating QE through AI Innovations,Jan 31 from 10am to 5pm GMT+5:30,online,free,VanGuard- Elevating QE through AI Innovations price free mode online,https://www.eventbrite.com/e/vanguard-elevating-qe-through-ai-innovations-tickets-1979853834114?aff=ebdssbdestsearch
Vaccines World Summit 2026 (End Users - APAC),unknown,online,paid,Vaccines World Summit 2026 (End Users - APAC) price paid mode online,https://www.eventbrite.sg/e/vaccines-world-summit-2026-end-users-apac-tickets-1569357373149?aff=ebdssbdestsearch
"Bangalore's Big Business, Tech & Entrepreneur Professional Networking Event",Mar 17 from 6pm to 8pm GMT+5:30,online,free,"Bangalore's Big Business, Tech & Entrepreneur Professional Networking Event price free mode online",https://www.eventbrite.com/e/bangalores-big-business-tech-entrepreneur-professional-networking-event-tickets-1260409040369?aff=ebdssbdestsearch
Artist walkthrough,Jan 27 from 11am to 12:30pm GMT+5:30,online,free,Artist walkthrough price free mode online,https://www.eventbrite.com/e/artist-walkthrough-tickets-1980074419892?aff=ebdssbdestsearch
The Design Exchange Summit 2026,Jan 24 from 8:30am to 6pm GMT+5:30,online,paid,The Design Exchange Summit 2026 price paid mode online,https://www.eventbrite.com/e/the-design-exchange-summit-2026-tickets-1980369573705?aff=ebdssbdestsearch
staaake Global Dinner Club for Founders & Creators now in Bengaluru,unknown,online,free,staaake Global Dinner Club for Founders & Creators now in Bengaluru price free mode online,https://www.eventbrite.ch/e/staaake-global-dinner-club-for-founders-creators-now-in-bengaluru-tickets-1977715659777?aff=ebdssbdestsearch
The Leadership Dialogues (Edition 1),unknown,online,free,The Leadership Dialogues (Edition 1) price free mode online,https://www.eventbrite.ie/e/the-leadership-dialogues-edition-1-tickets-1978870485893?aff=ebdssbdestsearch
Plastindia 2026,Feb 5 from 10am to 5pm GMT+5:30,online,paid,Plastindia 2026 price paid mode online,https://www.eventbrite.com/e/plastindia-2026-tickets-1658526680949?aff=ebdssbdestsearch
Leadership Pivot Workshop - Pune Chapter,Feb 7 from 9:30am to 4pm GMT+5:30,online,paid,Leadership Pivot Workshop - Pune Chapter price paid mode online,https://www.eventbrite.com/e/leadership-pivot-workshop-pune-chapter-tickets-1978874423671?aff=ebdssbdestsearch
Jharkhand Mining & Construction Show,Jan 29 at 11am to Jan 31 at 7pm GMT+5:30,online,free,Jharkhand Mining & Construction Show price free mode online,https://www.eventbrite.com/e/jharkhand-mining-construction-show-tickets-1377095261999?aff=ebdssbdestsearch
Women in Tech Bengaluru - OutGeekWomen,Nov 12 from 6pm to 8:30pm GMT+5:30,online,paid,Women in Tech Bengaluru - OutGeekWomen price paid mode online,https://www.eventbrite.com/e/women-in-tech-bengaluru-outgeekwomen-tickets-1330268963279?aff=ebdssbdestsearch
21st Global Investment Immigration Summit & International Real Estate Expo!,unknown,online,free,21st Global Investment Immigration Summit & International Real Estate Expo! price free mode online,https://www.eventbrite.co.uk/e/21st-global-investment-immigration-summit-international-real-estate-expo-registration-1976602250540?aff=ebdssbdestsearch
Women in Tech Hyderabad - OutGeekWomen,Nov 11 from 6pm to 8:30pm GMT+5:30,online,free,Women in Tech Hyderabad - OutGeekWomen price free mode online,https://www.eventbrite.com/e/women-in-tech-hyderabad-outgeekwomen-tickets-1330296746379?aff=ebdssbdestsearch
staaake in Kolkata Power Walk for AI/Tech Founder & Creators,unknown,online,free,staaake in Kolkata Power Walk for AI/Tech Founder & Creators price free mode online,https://www.eventbrite.ch/e/staaake-in-kolkata-power-walk-for-aitech-founder-creators-tickets-1978760373544?aff=ebdssbdestsearch
staaake Global Dinner Club for Founders & Creators (One time in Kolkata),unknown,online,free,staaake Global Dinner Club for Founders & Creators (One time in Kolkata) price free mode online,https://www.eventbrite.ch/e/staaake-global-dinner-club-for-founders-creators-one-time-in-kolkata-tickets-1978760213064?aff=ebdssbdestsearch
"Conceptual Understanding as an Ecosystem: Ideas, Purpose, and Practices",unknown,online,paid,"Conceptual Understanding as an Ecosystem: Ideas, Purpose, and Practices price paid mode online",https://www.eventbrite.be/e/conceptual-understanding-as-an-ecosystem-ideas-purpose-and-practices-tickets-1969841655418?aff=ebdssbdestsearch
"NUS-ISS Graduate Programmes: Preview, Entrance Test & Interview: CHENNAI",unknown,online,free,"NUS-ISS Graduate Programmes: Preview, Entrance Test & Interview: CHENNAI price free mode online",https://www.eventbrite.sg/e/nus-iss-graduate-programmes-preview-entrance-test-interview-chennai-tickets-1847161051429?aff=ebdssbdestsearch
Bangalore 2026 FIRST Technical Colloquium,Feb 10 at 8:30am to Feb 11 at 5pm GMT+5:30,online,free,Bangalore 2026 FIRST Technical Colloquium price free mode online,https://www.eventbrite.com/e/bangalore-2026-first-technical-colloquium-tickets-1976889998201?aff=ebdssbdestsearch
VLSI Course FREE DEMO,Feb 11 from 10am to 12pm GMT+5:30,online,free,VLSI Course FREE DEMO price free mode online,https://www.eventbrite.com/e/vlsi-course-free-demo-tickets-1979522932378?aff=ebdssbdestsearch
Cloud Data Engineer GCP Cloud Data,Jan 26 from 10am to 12pm GMT+5:30,online,free,Cloud Data Engineer GCP Cloud Data price free mode online,https://www.eventbrite.com/e/cloud-data-engineer-gcp-cloud-data-tickets-1978291835133?aff=ebdssbdestsearch
HealthCare Entrepreneur's Mixer (Mumbai),Jan 30 from 6pm to 8pm GMT+5:30,online,free,HealthCare Entrepreneur's Mixer (Mumbai) price free mode online,https://www.eventbrite.com/e/healthcare-entrepreneurs-mixer-mumbai-tickets-1977399743864?aff=ebdssbdestsearch
Women in Tech Chennai - OutGeekWomen,Nov 19 from 6pm to 8:30pm GMT+5:30,online,free,Women in Tech Chennai - OutGeekWomen price free mode online,https://www.eventbrite.com/e/women-in-tech-chennai-outgeekwomen-tickets-1330299414359?aff=ebdssbdestsearch
"NUS-ISS Graduate Programmes: Preview, Entrance Test & Interview: HYDERABAD",unknown,online,free,"NUS-ISS Graduate Programmes: Preview, Entrance Test & Interview: HYDERABAD price free mode online",https://www.eventbrite.sg/e/nus-iss-graduate-programmes-preview-entrance-test-interview-hyderabad-tickets-1847184120429?aff=ebdssbdestsearch
"NUS-ISS Graduate Programmes: Preview, Entrance Test & Interview: PUNE",unknown,online,free,"NUS-ISS Graduate Programmes: Preview, Entrance Test & Interview: PUNE price free mode online",https://www.eventbrite.sg/e/nus-iss-graduate-programmes-preview-entrance-test-interview-pune-tickets-1847194020039?aff=ebdssbdestsearch
Money Alpha 360°,unknown,online,free,Money Alpha 360° price free mode online,https://www.eventbrite.co.uk/e/money-alpha-360-tickets-1980359377207?aff=ebdssbdestsearch
Future Defence Conclave 2026,unknown,online,paid,Future Defence Conclave 2026 price paid mode online,https://www.eventbrite.co.uk/e/future-defence-conclave-2026-tickets-1979009311123?aff=ebdssbdestsearch
Fitness Event Repetitive,unknown,online,free,Fitness Event Repetitive price free mode online,https://www.eventbrite.com/e/fitness-event-repetitive-tickets-1968412088545?aff=ebdssbdestsearch
staaake Private Dinner: New Delhi Tech Conference AI/Tech Dinner,unknown,online,free,staaake Private Dinner: New Delhi Tech Conference AI/Tech Dinner price free mode online,https://www.eventbrite.ch/e/staaake-private-dinner-new-delhi-tech-conference-aitech-dinner-tickets-1977851599376?aff=ebdssbdestsearch
BigFix Connect In Person - Mumbai India User Group,Feb 6 from 9am to 4pm GMT+5:30,online,free,BigFix Connect In Person - Mumbai India User Group price free mode online,https://www.eventbrite.com/e/bigfix-connect-in-person-mumbai-india-user-group-tickets-1560210835609?aff=ebdssbdestsearch
"NUS-ISS Graduate Programmes: Preview, Entrance Test & Interview: DELHI",unknown,online,free,"NUS-ISS Graduate Programmes: Preview, Entrance Test & Interview: DELHI price free mode online",https://www.eventbrite.sg/e/nus-iss-graduate-programmes-preview-entrance-test-interview-delhi-tickets-1847251150919?aff=ebdssbdestsearch
3rd Surfentech Expo Chennai 2026,unknown,online,free,3rd Surfentech Expo Chennai 2026 price free mode online,https://www.eventbrite.ie/e/3rd-surfentech-expo-chennai-2026-tickets-1779681056949?aff=ebdssbdestsearch
"NUS-ISS Graduate Programmes: Preview, Entrance Test & Interview: MUMBAI",unknown,online,free,"NUS-ISS Graduate Programmes: Preview, Entrance Test & Interview: MUMBAI price free mode online",https://www.eventbrite.sg/e/nus-iss-graduate-programmes-preview-entrance-test-interview-mumbai-tickets-1847209345879?aff=ebdssbdestsearch
Bharat Chemical Tech Expo 2026,unknown,online,free,Bharat Chemical Tech Expo 2026 price free mode online,https://www.eventbrite.com/e/bharat-chemical-tech-expo-2026-tickets-1969112558670?aff=ebdssbdestsearch
Startup Awards 2026,Feb 4 from 10am to 9:30pm GMT+5:30,online,paid,Startup Awards 2026 price paid mode online,https://www.eventbrite.com/e/startup-awards-2026-tickets-1977764161848?aff=ebdssbdestsearch
UI/UX,Jan 25 from 10:30am to 11:30am GMT+5:30,online,free,UI/UX price free mode online,https://www.eventbrite.com/e/uiux-tickets-1978242601875?aff=ebdssbdestsearch
"Data Analytics Course FREE DEMO On 19, 20 DEC, 2025",Jan 27 from 10am to 12pm GMT+5:30,online,free,"Data Analytics Course FREE DEMO On 19, 20 DEC, 2025 price free mode online",https://www.eventbrite.com/e/data-analytics-course-free-demo-on-19-20-dec-2025-tickets-1978395540318?aff=ebdssbdestsearch
"WomenHack - Bangalore - Employer Ticket - April 8, 2026",Apr 8 from 6:30pm to 9:30pm GMT+5:30,online,paid,"WomenHack - Bangalore - Employer Ticket - April 8, 2026 price paid mode online",https://www.eventbrite.com/e/womenhack-bangalore-employer-ticket-april-8-2026-tickets-1979784704345?aff=ebdssbdestsearch
HealthCare Startup Mixer (Mumbai),Jan 30 from 6pm to 8pm GMT+5:30,online,free,HealthCare Startup Mixer (Mumbai) price free mode online,https://www.eventbrite.com/e/healthcare-startup-mixer-mumbai-tickets-1977708786218?aff=ebdssbdestsearch
Python Course Free DEMO,Feb 2 from 10am to 12pm GMT+5:30,online,free,Python Course Free DEMO price free mode online,https://www.eventbrite.com/e/python-course-free-demo-tickets-1978959812070?aff=ebdssbdestsearch
"NUS-ISS Graduate Programmes: Preview, Entrance Test & Interview: KOCHI",unknown,online,free,"NUS-ISS Graduate Programmes: Preview, Entrance Test & Interview: KOCHI price free mode online",https://www.eventbrite.sg/e/nus-iss-graduate-programmes-preview-entrance-test-interview-kochi-tickets-1847214752049?aff=ebdssbdestsearch
Side Event: staaake Reverse Network Opening Power Walk at AI Dev Conference,unknown,online,free,Side Event: staaake Reverse Network Opening Power Walk at AI Dev Conference price free mode online,https://www.eventbrite.ch/e/side-event-staaake-reverse-network-opening-power-walk-at-ai-dev-conference-tickets-1979181130038?aff=ebdssbdestsearch
Global Ed Interaction In New Delhi 2026,Feb 1 from 11am to 5pm GMT+5:30,online,free,Global Ed Interaction In New Delhi 2026 price free mode online,https://www.eventbrite.com/e/global-ed-interaction-in-new-delhi-2026-tickets-1980247608905?aff=ebdssbdestsearch
"AgentCamp 2026 - Nagpur, India",Mar 7 from 10am to 5pm GMT+5:30,online,free,"AgentCamp 2026 - Nagpur, India price free mode online",https://www.eventbrite.com/e/agentcamp-2026-nagpur-india-tickets-1979844085957?aff=ebdssbdestsearch
DevOps Course FREE DEMO,Feb 4 from 10am to 12pm GMT+5:30,online,free,DevOps Course FREE DEMO price free mode online,https://www.eventbrite.com/e/devops-course-free-demo-tickets-1979041578636?aff=ebdssbdestsearch
AppSentinels - API Security Platform,Mar 7 from 10am to 12pm GMT+5:30,online,free,AppSentinels - API Security Platform price free mode online,https://www.eventbrite.com/e/appsentinels-api-security-platform-tickets-1979209571106?aff=ebdssbdestsearch
THE STARTUP STORIES BY BENGALURU ENTREPRENEURS,Jan 20 from 6pm to 8pm GMT+5:30,online,free,THE STARTUP STORIES BY BENGALURU ENTREPRENEURS price free mode online,https://www.eventbrite.com/e/the-startup-stories-by-bengaluru-entrepreneurs-tickets-1978881315284?aff=ebdssbdestsearch
Generative AI Training Free DEMO Course,Feb 19 from 10am to 12pm GMT+5:30,online,free,Generative AI Training Free DEMO Course price free mode online,https://www.eventbrite.com/e/generative-ai-training-free-demo-course-tickets-1980248114417?aff=ebdssbdestsearch
Azure Data Engineering Training in Hyderabad | VERSION IT Institute,Jan 23 from 8am to 10am GMT+5:30,online,free,Azure Data Engineering Training in Hyderabad | VERSION IT Institute price free mode online,https://www.eventbrite.com/e/azure-data-engineering-training-in-hyderabad-version-it-institute-tickets-1977496497256?aff=ebdssbdestsearch
In-Person 2-Day NetBrain Power User Training (Hyderabad),unknown,online,free,In-Person 2-Day NetBrain Power User Training (Hyderabad) price free mode online,https://www.eventbrite.com/e/in-person-2-day-netbrain-power-user-training-hyderabad-tickets-1636257994709?aff=ebdssbdestsearch
UI UX Scholarship Test JAN 25 2026,unknown,online,free,UI UX Scholarship Test JAN 25 2026 price free mode online,https://www.eventbrite.com/e/ui-ux-scholarship-test-jan-25-2026-tickets-1979593853505?aff=ebdssbdestsearch
staaake Tech/AI Power Walk for Founders & Creators now in Bengaluru,unknown,online,free,staaake Tech/AI Power Walk for Founders & Creators now in Bengaluru price free mode online,https://www.eventbrite.ch/e/staaake-techai-power-walk-for-founders-creators-now-in-bengaluru-tickets-1977713920575?aff=ebdssbdestsearch
Join Biggest Community | Investors Founders | New Delhi | Online,Jan 21 from 12:30pm to 1:30pm GMT+5:30,online,free,Join Biggest Community | Investors Founders | New Delhi | Online price free mode online,https://www.eventbrite.com/e/join-biggest-community-investors-founders-new-delhi-online-tickets-1374181797749?aff=ebdssbdestsearch
Join Biggest Community | Investors Founders | Hyderabad | Online,Jan 21 from 12:30pm to 1:30pm GMT+5:30,online,free,Join Biggest Community | Investors Founders | Hyderabad | Online price free mode online,https://www.eventbrite.com/e/join-biggest-community-investors-founders-hyderabad-online-tickets-1351345874889?aff=ebdssbdestsearch
Join Biggest Community | Investors Founders | Mumbai | Online,Jan 21 from 12:30pm to 1:30pm GMT+5:30,online,free,Join Biggest Community | Investors Founders | Mumbai | Online price free mode online,https://www.eventbrite.com/e/join-biggest-community-investors-founders-mumbai-online-tickets-1374180654329?aff=ebdssbdestsearch
Join Biggest Community | Investors Founders | Bengaluru | Online,Jan 21 from 12:30pm to 1:30pm GMT+5:30,online,free,Join Biggest Community | Investors Founders | Bengaluru | Online price free mode online,https://www.eventbrite.com/e/join-biggest-community-investors-founders-bengaluru-online-tickets-1336224807369?aff=ebdssbdestsearch
Data science offline classes Bangalore,Jan 24 at 9am to Aug 24 at 11am GMT+5:30,offline,free,Data science offline classes Bangalore price free mode online,https://www.eventbrite.com/e/data-science-offline-classes-bangalore-tickets-1979965107937?aff=ebdssbdestsearch
AYURYOG EXPO 2026,unknown,online,free,AYURYOG EXPO 2026 price free mode online,https://www.eventbrite.com/e/ayuryog-expo-2026-tickets-1979305129925?aff=ebdssbdestsearch
Join Biggest Community | Investors Founders | Chennai | Online,Jan 21 from 12:30pm to 1:30pm GMT+5:30,online,free,Join Biggest Community | Investors Founders | Chennai | Online price free mode online,https://www.eventbrite.com/e/join-biggest-community-investors-founders-chennai-online-tickets-1357333875159?aff=ebdssbdestsearch
Wellfest India 2026,unknown,online,free,Wellfest India 2026 price free mode online,https://www.eventbrite.co.uk/e/wellfest-india-2026-tickets-1979303937358?aff=ebdssbdestsearch
Join Biggest Community | Investors Founders | Ahmedabad | Online,Jan 21 from 12:30pm to 1:30pm GMT+5:30,online,free,Join Biggest Community | Investors Founders | Ahmedabad | Online price free mode online,https://www.eventbrite.com/e/join-biggest-community-investors-founders-ahmedabad-online-tickets-1593187810629?aff=ebdssbdestsearch
Join Biggest Community | Investors Founders | Kochi | Online,Jan 21 from 12:30pm to 1:30pm GMT+5:30,online,free,Join Biggest Community | Investors Founders | Kochi | Online price free mode online,https://www.eventbrite.com/e/join-biggest-community-investors-founders-kochi-online-tickets-1374174606239?aff=ebdssbdestsearch
TaSIC 2.0: Redefining the technology and society paradox,Feb 20 from 9am to 5:30pm GMT+5:30,online,free,TaSIC 2.0: Redefining the technology and society paradox price free mode online,https://www.eventbrite.com/e/tasic-20-redefining-the-technology-and-society-paradox-tickets-1566553596979?aff=ebdssbdestsearch
DataMites Data Analyst Course in Pune,Feb 19 from 10am to 12pm GMT+5:30,online,paid,DataMites Data Analyst Course in Pune price paid mode online,https://www.eventbrite.com/e/datamites-data-analyst-course-in-pune-tickets-1980246621953?aff=ebdssbdestsearch
Python Full Stack Training In Hyderabad | Version IT,unknown,online,free,Python Full Stack Training In Hyderabad | Version IT price free mode online,https://www.eventbrite.com/e/python-full-stack-training-in-hyderabad-version-it-tickets-1980088746744?aff=ebdssbdestsearch
Azure Data Engineer Training In Hyderabad | Version IT | Ameerpet,Jan 20 from 7:30am to 9:30am GMT+5:30,online,free,Azure Data Engineer Training In Hyderabad | Version IT | Ameerpet price free mode online,https://www.eventbrite.com/e/azure-data-engineer-training-in-hyderabad-version-it-ameerpet-tickets-1980068724858?aff=ebdssbdestsearch
Bharat Fintech Summit (BFS) 2026 | 10–11 Feb | Mumbai,Feb 10 at 9am to Feb 11 at 6pm GMT+5:30,online,paid,Bharat Fintech Summit (BFS) 2026 | 10–11 Feb | Mumbai price paid mode online,https://www.eventbrite.com/e/bharat-fintech-summit-bfs-2026-1011-feb-mumbai-registration-1783712134009?aff=ebdssbdestsearch
Join Biggest Community | Investors Founders | Surat | Online,Jan 21 from 12:30pm to 1:30pm GMT+5:30,online,free,Join Biggest Community | Investors Founders | Surat | Online price free mode online,https://www.eventbrite.com/e/join-biggest-community-investors-founders-surat-online-tickets-1973080070605?aff=ebdssbdestsearch
Power Connect Solar Expo,Feb 6 at 11am to Feb 8 at 7pm GMT+5:30,online,free,Power Connect Solar Expo price free mode online,https://www.eventbrite.com/e/power-connect-solar-expo-tickets-1977761494871?aff=ebdssbdestsearch
Join Biggest Community | Investors Founders | Puducherry | Online,Jan 21 from 12:30pm to 1:30pm GMT+5:30,online,free,Join Biggest Community | Investors Founders | Puducherry | Online price free mode online,https://www.eventbrite.com/e/join-biggest-community-investors-founders-puducherry-online-tickets-1374193703359?aff=ebdssbdestsearch
Join Biggest Community | Investors Founders | Lucknow | Online,Jan 21 from 12:30pm to 1:30pm GMT+5:30,online,free,Join Biggest Community | Investors Founders | Lucknow | Online price free mode online,https://www.eventbrite.com/e/join-biggest-community-investors-founders-lucknow-online-tickets-1593182444579?aff=ebdssbdestsearch
Join Biggest Community | Investors Founders | Thrissur | Online,Jan 21 from 12:30pm to 1:30pm GMT+5:30,online,free,Join Biggest Community | Investors Founders | Thrissur | Online price free mode online,https://www.eventbrite.com/e/join-biggest-community-investors-founders-thrissur-online-tickets-1357336432809?aff=ebdssbdestsearch
Join Biggest Community | Investors Founders | Jaipur | Online,Jan 21 from 12:30pm to 1:30pm GMT+5:30,online,free,Join Biggest Community | Investors Founders | Jaipur | Online price free mode online,https://www.eventbrite.com/e/join-biggest-community-investors-founders-jaipur-online-tickets-1975080053608?aff=ebdssbdestsearch
Join Biggest Community | Investors Founders | Indore | Online,Jan 21 from 12:30pm to 1:30pm GMT+5:30,online,free,Join Biggest Community | Investors Founders | Indore | Online price free mode online,https://www.eventbrite.com/e/join-biggest-community-investors-founders-indore-online-tickets-1593174962199?aff=ebdssbdestsearch
Azure Data Engineer Training in Hyderabad | Ameerpet | Version IT Institute,Jan 22 from 7:30am to 9:30am GMT+5:30,online,free,Azure Data Engineer Training in Hyderabad | Ameerpet | Version IT Institute price free mode online,https://www.eventbrite.com/e/azure-data-engineer-training-in-hyderabad-ameerpet-version-it-institute-tickets-1980081257343?aff=ebdssbdestsearch
Join Biggest Community | Investors Founders | Nagpur | Online,Jan 21 from 12:30pm to 1:30pm GMT+5:30,online,free,Join Biggest Community | Investors Founders | Nagpur | Online price free mode online,https://www.eventbrite.com/e/join-biggest-community-investors-founders-nagpur-online-tickets-1975080022515?aff=ebdssbdestsearch
Bharat Shiksha Expo 2026,Apr 23 from 10am to 5pm GMT+5:30,online,free,Bharat Shiksha Expo 2026 price free mode online,https://www.eventbrite.com/e/bharat-shiksha-expo-2026-tickets-1976312528975?aff=ebdssbdestsearch
Join Biggest Community | Investors Founders | Chandigarh | Online,Jan 21 from 12:30pm to 1:30pm GMT+5:30,online,free,Join Biggest Community | Investors Founders | Chandigarh | Online price free mode online,https://www.eventbrite.com/e/join-biggest-community-investors-founders-chandigarh-online-tickets-1593194881779?aff=ebdssbdestsearch
Join Biggest Community | Investors Founders | Kanpur | Online,Jan 21 from 12:30pm to 1:30pm GMT+5:30,online,free,Join Biggest Community | Investors Founders | Kanpur | Online price free mode online,https://www.eventbrite.com/e/join-biggest-community-investors-founders-kanpur-online-tickets-1593191050319?aff=ebdssbdestsearch
GITA FOR YOUTH | Personality Enrichment | FOLK Exclusive | Youth Motivation,unknown,online,paid,GITA FOR YOUTH | Personality Enrichment | FOLK Exclusive | Youth Motivation price paid mode online,https://www.eventbrite.com/e/gita-for-youth-personality-enrichment-folk-exclusive-youth-motivation-tickets-253552912587?aff=ebdssbdestsearch
Join Biggest Community | Investors Founders | Goa | Online,Jan 21 from 12:30pm to 1:30pm GMT+5:30,online,free,Join Biggest Community | Investors Founders | Goa | Online price free mode online,https://www.eventbrite.com/e/join-biggest-community-investors-founders-goa-online-tickets-1975079795837?aff=ebdssbdestsearch
Pharmac South - 11th Edition,Jun 4 at 10am to Jun 5 at 6pm GMT+5:30,online,free,Pharmac South - 11th Edition price free mode online,https://www.eventbrite.com/e/pharmac-south-11th-edition-tickets-1975080149896?aff=ebdssbdestsearch
Side Event: staaake Reverse Network Closing Power Walk at AI Dev Conference,unknown,online,free,Side Event: staaake Reverse Network Closing Power Walk at AI Dev Conference price free mode online,https://www.eventbrite.ch/e/side-event-staaake-reverse-network-closing-power-walk-at-ai-dev-conference-tickets-1979181237359?aff=ebdssbdestsearch
Ui/Ux Designing with AI Free Scholarship Test,Jan 25 from 10:30am to 2pm GMT+5:30,online,free,Ui/Ux Designing with AI Free Scholarship Test price free mode online,https://www.eventbrite.com/e/uiux-designing-with-ai-free-scholarship-test-tickets-1980302054754?aff=ebdssbdestsearch
Eldercare India Expo 2026,unknown,online,free,Eldercare India Expo 2026 price free mode online,https://www.eventbrite.co.uk/e/eldercare-india-expo-2026-tickets-1978883884970?aff=ebdssbdestsearch
Event 2,unknown,online,free,Event 2 price free mode online,https://www.eventbrite.co.uk/e/event-2-tickets-1979212653325?aff=ebdssbdestsearch
"Electric Exhibition 2026 – Ahmedabad | Power, Innovation & Future Techno",unknown,online,free,"Electric Exhibition 2026 – Ahmedabad | Power, Innovation & Future Techno price free mode online",https://www.eventbrite.com.au/e/electric-exhibition-2026-ahmedabad-power-innovation-future-techno-tickets-1977010987082?aff=ebdssbdestsearch
ISTF Expo 2026,unknown,online,free,ISTF Expo 2026 price free mode online,https://www.eventbrite.com/e/istf-expo-2026-tickets-1969105843585?aff=ebdssbdestsearch
EAW Global Aqua Expo 2026,Aug 6 from 10am to 6pm GMT+5:30,online,free,EAW Global Aqua Expo 2026 price free mode online,https://www.eventbrite.com/e/eaw-global-aqua-expo-2026-tickets-1771350590299?aff=ebdssbdestsearch
India International Cargo Show: IICS 2026,unknown,online,free,India International Cargo Show: IICS 2026 price free mode online,https://www.eventbrite.com/e/india-international-cargo-show-iics-2026-tickets-1979509020768?aff=ebdssbdestsearch
Fire & Security India Expo (FSIE) 2026 - Mumbai Exhibition,unknown,online,free,Fire & Security India Expo (FSIE) 2026 - Mumbai Exhibition price free mode online,https://www.eventbrite.com/e/fire-security-india-expo-fsie-2026-mumbai-exhibition-tickets-1970088485694?aff=ebdssbdestsearch
Holi Utsav 2026 - A Cultural Holi Experience in Delhi,Mar 4 from 10am to 4:30pm GMT+5:30,online,free,Holi Utsav 2026 - A Cultural Holi Experience in Delhi price free mode online,https://www.eventbrite.com/e/holi-utsav-2026-a-cultural-holi-experience-in-delhi-tickets-1980684400360?aff=ebdssbdestsearch
7th Expo Paint & Coatings Chennai 2026,unknown,online,free,7th Expo Paint & Coatings Chennai 2026 price free mode online,https://www.eventbrite.ie/e/7th-expo-paint-coatings-chennai-2026-tickets-1779504137779?aff=ebdssbdestsearch
Dubai Property Expo | Free Ticket for Smart Homes from ₹2 Cr,Jan 25 from 10am to 7pm GMT+5:30,online,free,Dubai Property Expo | Free Ticket for Smart Homes from ₹2 Cr price free mode online,https://www.eventbrite.com/e/dubai-property-expo-free-ticket-for-smart-homes-from-2-cr-tickets-1980767294298?aff=ebdssbdestsearch
The Gypsy Travel Festival,unknown,online,free,The Gypsy Travel Festival price free mode online,https://www.eventbrite.com/e/the-gypsy-travel-festival-tickets-1980243949961?aff=ebdssbdestsearch
Founders Running Club :: Mumbai,unknown,online,free,Founders Running Club :: Mumbai price free mode online,https://www.eventbrite.com/e/founders-running-club-mumbai-tickets-1394837349059?aff=ebdssbdestsearch
Launch of the book of Heritage Futures,Jan 29 from 4pm to 6pm GMT+5:30,online,free,Launch of the book of Heritage Futures price free mode online,https://www.eventbrite.com/e/launch-of-the-book-of-heritage-futures-tickets-1979841139143?aff=ebdssbdestsearch
Pipes & Tubes Expo 2026,unknown,online,free,Pipes & Tubes Expo 2026 price free mode online,https://www.eventbrite.ie/e/pipes-tubes-expo-2026-tickets-1977018398249?aff=ebdssbdestsearch
Best Coaching for NEET in Hyderabad,unknown,online,free,Best Coaching for NEET in Hyderabad price free mode online,https://www.eventbrite.com/e/best-coaching-for-neet-in-hyderabad-tickets-1411447921729?aff=ebdssbdestsearch
8th edition - EPCI in Oil & Gas Conference 2026,Aug 12 from 9:30am to 4:30pm GMT+5:30,online,free,8th edition - EPCI in Oil & Gas Conference 2026 price free mode online,https://www.eventbrite.com/e/8th-edition-epci-in-oil-gas-conference-2026-tickets-1978872660397?aff=ebdssbdestsearch
Learn How To Achieve Your 100% Mind Potential,unknown,online,free,Learn How To Achieve Your 100% Mind Potential price free mode online,https://www.eventbrite.com/e/learn-how-to-achieve-your-100-mind-potential-tickets-445068591137?aff=ebdssbdestsearch
Dairy Industry Conference & Exhibition,unknown,online,free,Dairy Industry Conference & Exhibition price free mode online,https://www.eventbrite.co.uk/e/dairy-industry-conference-exhibition-tickets-1979288409915?aff=ebdssbdestsearch
Brodcom Spring Boot Certification Exam preparation,unknown,online,free,Brodcom Spring Boot Certification Exam preparation price free mode online,https://www.eventbrite.com/e/brodcom-spring-boot-certification-exam-preparation-tickets-1980370474399?aff=ebdssbdestsearch
Oracle Java 21 Certification Exam preparation,unknown,online,free,Oracle Java 21 Certification Exam preparation price free mode online,https://www.eventbrite.com/e/oracle-java-21-certification-exam-preparation-tickets-1980363784389?aff=ebdssbdestsearch
Master Stress Management & Focus for High-Pressure Tech Careers,Feb 21 from 6pm to 7pm GMT+5:30,online,free,Master Stress Management & Focus for High-Pressure Tech Careers price free mode online,https://www.eventbrite.com/e/master-stress-management-focus-for-high-pressure-tech-careers-tickets-1979959790031?aff=ebdssbdestsearch
DataMites Data Science Course in Chennai,Feb 18 from 10am to 12pm GMT+5:30,online,paid,DataMites Data Science Course in Chennai price paid mode online,https://www.eventbrite.com/e/datamites-data-science-course-in-chennai-tickets-1980168071005?aff=ebdssbdestsearch
New Delhi 2026 Venture Capital World Summit,Oct 9 from 1pm to 6pm GMT+5:30,online,paid,New Delhi 2026 Venture Capital World Summit price paid mode online,https://www.eventbrite.com/e/new-delhi-2026-venture-capital-world-summit-tickets-1968718246271?aff=ebdssbdestsearch
Delhi Social and Political Walk,unknown,online,paid,Delhi Social and Political Walk price paid mode online,https://www.eventbrite.es/e/delhi-social-and-political-walk-tickets-1278009804729?aff=ebdssbdestsearch
DataMites Python Course in Pune,Jan 19 from 8:30am to 12pm GMT+5:30,online,free,DataMites Python Course in Pune price free mode online,https://www.eventbrite.com/e/datamites-python-course-in-pune-tickets-1980766387586?aff=ebdssbdestsearch
Generative Zine Jam : A hands-on workshop on Zine making,Jan 29 from 11am to 2pm GMT+5:30,online,free,Generative Zine Jam : A hands-on workshop on Zine making price free mode online,https://www.eventbrite.com/e/generative-zine-jam-a-hands-on-workshop-on-zine-making-tickets-1979840912465?aff=ebdssbdestsearch
Analog Interaction with Light Art,Jan 30 from 4pm to 7:30pm GMT+5:30,online,free,Analog Interaction with Light Art price free mode online,https://www.eventbrite.com/e/analog-interaction-with-light-art-tickets-1979966150054?aff=ebdssbdestsearch
DataMites Data Science Courses in Hyderabad,Feb 21 from 10am to 12pm GMT+5:30,online,paid,DataMites Data Science Courses in Hyderabad price paid mode online,https://www.eventbrite.com/e/datamites-data-science-courses-in-hyderabad-tickets-1980358480525?aff=ebdssbdestsearch
SEO Cousre Free Training,Feb 27 from 10am to 12pm GMT+5:30,online,free,SEO Cousre Free Training price free mode online,https://www.eventbrite.com/e/seo-cousre-free-training-tickets-1980800716264?aff=ebdssbdestsearch
GCP Data Engineer FREE DEMO ON 21 JAN 2026,Feb 26 from 10am to 12pm GMT+5:30,online,free,GCP Data Engineer FREE DEMO ON 21 JAN 2026 price free mode online,https://www.eventbrite.com/e/gcp-data-engineer-free-demo-on-21-jan-2026-tickets-1980764717591?aff=ebdssbdestsearch
Free Demo on Azure Data Engineer Training on 19January2026 at 09:30am,Jan 19 from 9:30am to 11:30am PST,online,free,Free Demo on Azure Data Engineer Training on 19January2026 at 09:30am price free mode online,https://www.eventbrite.com/e/free-demo-on-azure-data-engineer-training-on-19january2026-at-0930am-tickets-1980763876074?aff=ebdssbdestsearch
"International Conference on Tourism, Transport, and Logistics ( ICTTL )",Mar 24 from 10am to 2pm GMT+5:30,online,free,"International Conference on Tourism, Transport, and Logistics ( ICTTL ) price free mode online",https://www.eventbrite.com/e/international-conference-on-tourism-transport-and-logistics-icttl-tickets-1270138120309?aff=ebdssbdestsearch
Women in Tech Mumbai - OutGeekWomen,unknown,online,free,Women in Tech Mumbai - OutGeekWomen price free mode online,https://www.eventbrite.com/e/women-in-tech-mumbai-outgeekwomen-tickets-1330287167729?aff=ebdssbdestsearch
India International Industrial Expo,Jan 16 at 10am to Jan 18 at 6pm PST,online,paid,India International Industrial Expo price paid mode online,https://www.eventbrite.com/e/india-international-industrial-expo-tickets-1642055665699?aff=ebdssbdestsearch
Bihar Medical Expo 2026,Nov 21 at 10am to Nov 23 at 6pm GMT+5:30,online,free,Bihar Medical Expo 2026 price free mode online,https://www.eventbrite.com/e/bihar-medical-expo-2026-tickets-1980244606926?aff=ebdssbdestsearch
Mumbai International Finance Expo,unknown,online,free,Mumbai International Finance Expo price free mode online,https://www.eventbrite.hk/e/mumbai-international-finance-expo-tickets-643572010207?aff=ebdssbdestsearch
Raspberry Pi Hands-On Build Day: IoT & Automation Workshop,Feb 14 at 9am GMT+5:30,online,free,Raspberry Pi Hands-On Build Day: IoT & Automation Workshop price free mode online,https://www.eventbrite.com/e/raspberry-pi-hands-on-build-day-iot-automation-workshop-tickets-1977178796003?aff=ebdssbdestsearch
Meeting the Challenge of Infectious Diseases in a Changing World,Oct 14 at 7am to Oct 16 at 5pm GMT+5:30,online,paid,Meeting the Challenge of Infectious Diseases in a Changing World price paid mode online,https://www.eventbrite.com/e/meeting-the-challenge-of-infectious-diseases-in-a-changing-world-tickets-1964572229423?aff=ebdssbdestsearch
International Conferences on Medical and Health Science ( ICMHS ),unknown,online,free,International Conferences on Medical and Health Science ( ICMHS ) price free mode online,https://www.eventbrite.com/e/international-conferences-on-medical-and-health-science-icmhs-tickets-1268199572059?aff=ebdssbdestsearch
TMD Workshop,Jan 24 from 6pm to 9pm GMT+5:30,online,free,TMD Workshop price free mode online,https://www.eventbrite.com/e/tmd-workshop-tickets-1980711497408?aff=ebdssbdestsearch
Business Transformation & Operational Excellence India Summit,Feb 19 from 10am to 9pm GMT+5:30,online,paid,Business Transformation & Operational Excellence India Summit price paid mode online,https://www.eventbrite.com/e/business-transformation-operational-excellence-india-summit-tickets-1401566275459?aff=ebdssbdestsearch
Gujarat Medical Expo 2026,Sep 25 at 10am to Sep 27 at 6pm GMT+5:30,online,free,Gujarat Medical Expo 2026 price free mode online,https://www.eventbrite.com/e/gujarat-medical-expo-2026-tickets-1980364091307?aff=ebdssbdestsearch
ORGANIC EXPO 2026,Feb 15 at 9am to Feb 17 at 6pm GMT+5:30,online,free,ORGANIC EXPO 2026 price free mode online,https://www.eventbrite.com/e/organic-expo-2026-tickets-1672534167719?aff=ebdssbdestsearch
Full Stack Python Coaching in Hyderabad,Dec 16 at 1:30am to Feb 15 at 11:30pm GMT+5:30,online,free,Full Stack Python Coaching in Hyderabad price free mode online,https://www.eventbrite.com/e/full-stack-python-coaching-in-hyderabad-tickets-1977872111729?aff=ebdssbdestsearch
Gyan museum artist walkthrough,Jan 28 from 7pm to 8pm GMT+5:30,online,free,Gyan museum artist walkthrough price free mode online,https://www.eventbrite.com/e/gyan-museum-artist-walkthrough-tickets-1979963496116?aff=ebdssbdestsearch
"AGRICULTURE Farm Management, Water& Energy Management",Aug 23 at 6am to Aug 25 at 9pm GMT+5:30,online,paid,"AGRICULTURE Farm Management, Water& Energy Management price paid mode online",https://www.eventbrite.com/e/agriculture-farm-management-water-energy-management-tickets-68605333399?aff=ebdssbdestsearch
Test Bug Creation,Dec 26 at 7am to Feb 27 at 10am GMT+5:30,online,paid,Test Bug Creation price paid mode online,https://www.eventbrite.com/e/test-bug-creation-tickets-1780253117999?aff=ebdssbdestsearch
DataMites - Data Science Institute in Bangalore,Jul 23 at 11:30am to Feb 23 at 1:30pm GMT+5:30,online,free,DataMites - Data Science Institute in Bangalore price free mode online,https://www.eventbrite.com/e/datamites-data-science-institute-in-bangalore-tickets-1421407180139?aff=ebdssbdestsearch
AI Full Stack Development Course in Madhapur,Dec 4 at 1am to Feb 4 at 11:30pm GMT+5:30,online,free,AI Full Stack Development Course in Madhapur price free mode online,https://www.eventbrite.com/e/ai-full-stack-development-course-in-madhapur-tickets-1976709542453?aff=ebdssbdestsearch
Data Science Institute in Mumbai,Nov 24 at 7am to Aug 24 at 9am GMT+5:30,online,free,Data Science Institute in Mumbai price free mode online,https://www.eventbrite.com/e/data-science-institute-in-mumbai-tickets-1973121186584?aff=ebdssbdestsearch
"Apex Venture & Tech Connect Days in Bengaluru, India",unknown,online,free,"Apex Venture & Tech Connect Days in Bengaluru, India price free mode online",https://www.eventbrite.com/e/apex-venture-tech-connect-days-in-bengaluru-india-tickets-1979008418453?aff=ebdssbdestsearch
PMP Training Bangalore | PMP Training Institutes Bangalore,unknown,online,free,PMP Training Bangalore | PMP Training Institutes Bangalore price free mode online,https://www.eventbrite.com/e/pmp-training-bangalore-pmp-training-institutes-bangalore-tickets-4343571740?aff=ebdssbdestsearch
PMP Training Classes Mumbai | PMP Training Mumbai | PMP Training Institutes Mumbai,unknown,online,free,PMP Training Classes Mumbai | PMP Training Mumbai | PMP Training Institutes Mumbai price free mode online,https://www.eventbrite.com/e/pmp-training-classes-mumbai-pmp-training-mumbai-pmp-training-institutes-mumbai-tickets-4352251702?aff=ebdssbdestsearch
Best Data science Institute in Indore,Dec 29 at 7am to Aug 29 at 9am GMT+5:30,online,free,Best Data science Institute in Indore price free mode online,https://www.eventbrite.com/e/best-data-science-institute-in-indore-tickets-1978099913089?aff=ebdssbdestsearch
TstEvent,Jun 5 at 7pm to Apr 9 at 10pm GMT+5:30,online,free,TstEvent price free mode online,https://www.eventbrite.com/e/tstevent-tickets-321674616437?aff=ebdssbdestsearch
PMP Certification at Chennai,unknown,online,free,PMP Certification at Chennai price free mode online,https://www.eventbrite.com/e/pmp-certification-at-chennai-tickets-4751625239?aff=ebdssbdestsearch
Top Data science institute in Coimbatore,Nov 29 at 2pm to Aug 29 at 4pm GMT+5:30,online,free,Top Data science institute in Coimbatore price free mode online,https://www.eventbrite.com/e/top-data-science-institute-in-coimbatore-tickets-1975739539147?aff=ebdssbdestsearch
Full Stack Developer Course Training in Bangalore,Jan 25 at 10am to Aug 29 at 12pm GMT+5:30,online,free,Full Stack Developer Course Training in Bangalore price free mode online,https://www.eventbrite.com/e/full-stack-developer-course-training-in-bangalore-tickets-1220357535239?aff=ebdssbdestsearch
Data Science Training Institute in Pune,Jul 28 at 7am to Mar 28 at 9am GMT+5:30,online,free,Data Science Training Institute in Pune price free mode online,https://www.eventbrite.com/e/data-science-training-institute-in-pune-tickets-1510085830369?aff=ebdssbdestsearch
DataMites - Data Science Offline Training in Bangalore,Jul 21 at 11:30am to Mar 21 at 1:30pm GMT+5:30,offline,free,DataMites - Data Science Offline Training in Bangalore price free mode online,https://www.eventbrite.com/e/datamites-data-science-offline-training-in-bangalore-tickets-1495781335239?aff=ebdssbdestsearch
Data Science Certification Training in Bangalore,Sep 22 at 11:30am to May 22 at 1:30pm GMT+5:30,online,free,Data Science Certification Training in Bangalore price free mode online,https://www.eventbrite.com/e/data-science-certification-training-in-bangalore-tickets-1680027269789?aff=ebdssbdestsearch
Join Biggest Community | Investors Founders | Pune | Online,Jan 21 from 12:30pm to 1:30pm GMT+5:30,online,free,Join Biggest Community | Investors Founders | Pune | Online price free mode online,https://www.eventbrite.com/e/join-biggest-community-investors-founders-pune-online-tickets-1566873333319?aff=ebdssbdestsearch
